[
  {
    "name": "Академия Геенна",
    "leaderName": "Ханума Макото",
    "adjective": ["Геенна"],
    "startBias": ["Холм"],
    
    "startIntroPart1": "Наконец-то он ниспослан! Ки-ки-гик, сам Ханума Макото из Общества Пандемониума прибыл лично. Будем оказывать ему высочайшие почести.",
    "startIntroPart2": "Ну наконец-то. Учитель. Не заставляй лидера Ванмадзяна ждать слишком долго. Ки-ки-гик. Ну ладно. Тогда начнём рассказ о подвигах Макото-сана.",
    
    "declaringWar": "Ки-ки-гик! Огонь по всем целям! ...Что, отрицание!?",
    "attacked": "Тебе это так сильно хочется, Учитель? Ки-ки-ки, какой ты странный человек.",
    "defeated": "Оказывается, даже мне, достигшему высшего пика лидерства, ещё есть куда расти. Ки-ши-сь!",
    "introduction": "Ты не опоздал, Учитель. Как раз вовремя — у меня появилась гениальная идея для завоевания Киботоса. Сейчас объясню. Присаживайся.",
    
    "neutralHello": "Ты не опоздал, Учитель",
    "neutralLetsHearIt": ["Не заставляй лидера Ванмадзяна ждать слишком долго.", "Ты не опоздал.", "Если ты так говоришь, продолжай!"],
    "neutralNo": ["Не нужно.", "Не надо так жалобно смотреть.", "Отклоняю."],
    "neutralYes": ["И впредь прошу о помощи, Учитель.", "В следующий раз мы расширимся ещё масштабнее и вернёмся с грандиозным шоу, ки-ки-гик!", "Ки-ки-гик, сегодняшний я в прекрасном настроении. Дарю бонус! Это предложение о сотрудничестве от Ванмадзяна... Что? Не нужно?"],
    
    "hateHello": "Ки-ки-гик...",
    "hateLetsHearIt": ["Продолжай.", "Что?", "Повтори."],
    "hateNo": ["Не нужно.", "Не согласен.", "Нет."],
    "hateYes": ["Ки-ки-гик, ладно.", "Достаточно.", "Тогда не буду отказываться."],
    
    "afterPeace": "Подвиги не совершаются за одну ночь. Макото-сан никогда не сдастся.",
    "tradeRequest": "Я высоко ценю твои способности... и сделаю тебе предложение, от которого невозможно отказаться.",
    
    "outerColor": [255,51,51],
    "innerColor": [255,255,255],
    "uniqueName": "Верховный Председатель Геенны",
    "uniques": 
      "[+10 Производства] [во всех городах]",
      "[+50]% [Производства] [во всех городах]",
      "[-100]% недовольства от [населения] [во всех городах]",
      "[-100]% стоимости содержания <для [наземных] юнитов>"
    ],
    "cities": [
      "Общество Пандемониума", "Хинномбурт", "Макотобург", "Ирохадорф", "Сацукибург", "Тиакиберг", "Мировая столица Ибукисбург", "Первая школа", "Центральная тюрьма",
      "Площадь студентов", "Вторая школа", "Ханумабурт-ам-Майн", "Толешудент", "Ридегштент", "Кёгокугарт", "Хенсен", "Нацумебаден", "Мотомиакихирхен", "Тангабарх",
      "Киль", "Хелльнатц", "Штассбасделт", "Кайзербарх", "Хинномфельд", "Хинномхаузен", "Дефинисионбурт", "Хайнц", "Макотофрит", "Ирохагельт",
      "Ибукируген", "Герне", "Тиакихисхавен", "Сацукинибюрюк", "Торамарельберг", "Мадерборн"
    ]